Doctor,Tests,Abnormal
Dr. Johnson,125,0.384
Dr. Lee,136,0.5882352941176471
Dr. Patel,100,0.37
Dr. Smith,139,0.4748201438848921
