Hospital,Tests,Abnormal,AbnormalPct
AIIMS,83,0.4457831325301205,44.57831325301205
Apollo Hospital,72,0.5416666666666666,54.166666666666664
Fortis Healthcare,77,0.37662337662337664,37.66233766233766
Manipal Hospital,83,0.4457831325301205,44.57831325301205
Max Hospital,93,0.40860215053763443,40.86021505376344
Medanta,92,0.5543478260869565,55.434782608695656
